Company Location,Company Size,Employee Residence,Employment Type,Experience Level,Job Title,Salary Currency,Work Year,F1,Remote Ratio,Salary,Salary In Usd
DE,Large,DE,Full Time,Intermediate Level,Data Scientist,EUR,2020,0,0,70000,79833
JP,Small,JP,Full Time,Senior Level,Machine Learning Scientist,USD,2020,1,0,260000,260000
GB,Medium,GB,Full Time,Senior Level,Big Data Engineer,GBP,2020,2,50,85000,109024
HN,Small,HN,Full Time,Intermediate Level,Product Data Analyst,USD,2020,3,0,20000,20000
US,Large,US,Full Time,Senior Level,Machine Learning Engineer,USD,2020,4,50,150000,150000
US,Large,US,Full Time,Entry Level,Data Analyst,USD,2020,5,100,72000,72000
US,Small,US,Full Time,Senior Level,Lead Data Scientist,USD,2020,6,100,190000,190000
HU,Large,HU,Full Time,Intermediate Level,Data Scientist,HUF,2020,7,50,11000000,35735
US,Large,US,Full Time,Intermediate Level,Business Data Analyst,USD,2020,8,100,135000,135000
NZ,Small,NZ,Full Time,Senior Level,Lead Data Engineer,USD,2020,9,50,125000,125000
FR,Small,FR,Full Time,Entry Level,Data Scientist,EUR,2020,10,0,45000,51321
IN,Large,IN,Full Time,Intermediate Level,Data Scientist,INR,2020,11,0,3000000,40481
FR,Medium,FR,Full Time,Entry Level,Data Scientist,EUR,2020,12,0,35000,39916
US,Large,US,Full Time,Intermediate Level,Lead Data Analyst,USD,2020,13,100,87000,87000
US,Large,US,Full Time,Intermediate Level,Data Analyst,USD,2020,14,100,85000,85000
PK,Large,PK,Full Time,Intermediate Level,Data Analyst,USD,2020,15,50,8000,8000
JP,Small,JP,Full Time,Entry Level,Data Engineer,JPY,2020,16,100,4450000,41689
GB,Small,PL,Full Time,Senior Level,Big Data Engineer,EUR,2020,17,100,100000,114047
IN,Medium,IN,Full Time,Entry Level,Data Science Consultant,INR,2020,18,50,423000,5707
US,Medium,PT,Full Time,Intermediate Level,Lead Data Engineer,USD,2020,19,100,56000,56000
CN,Medium,CN,Full Time,Intermediate Level,Machine Learning Engineer,CNY,2020,20,0,299000,43331
IN,Large,IN,Full Time,Intermediate Level,Product Data Analyst,INR,2020,21,100,450000,6072
GR,Large,GR,Full Time,Senior Level,Data Engineer,EUR,2020,22,50,42000,47899
US,Medium,US,Full Time,Intermediate Level,BI Data Analyst,USD,2020,23,0,98000,98000
AE,Large,AE,Full Time,Intermediate Level,Lead Data Scientist,USD,2020,24,0,115000,115000
US,Large,US,Full Time,Expert Level,Director of Data Science,USD,2020,25,100,325000,325000
NL,Large,NL,Full Time,Entry Level,Research Scientist,USD,2020,26,50,42000,42000
MX,Small,MX,Full Time,Senior Level,Data Engineer,MXN,2020,27,0,720000,33511
US,Large,US,Contract,Entry Level,Business Data Analyst,USD,2020,28,100,100000,100000
CA,Large,CA,Full Time,Senior Level,Machine Learning Manager,CAD,2020,29,50,157000,117104
DE,Small,DE,Full Time,Intermediate Level,Data Engineering Manager,EUR,2020,30,100,51999,59303
US,Large,US,Full Time,Entry Level,Big Data Engineer,USD,2020,31,100,70000,70000
US,Large,GR,Full Time,Senior Level,Data Scientist,EUR,2020,32,100,60000,68428
US,Medium,US,Full Time,Intermediate Level,Research Scientist,USD,2020,33,0,450000,450000
FR,Large,FR,Full Time,Intermediate Level,Data Analyst,EUR,2020,34,50,41000,46759
AT,Large,AT,Full Time,Intermediate Level,Data Engineer,EUR,2020,35,50,65000,74130
US,Large,US,Full Time,Intermediate Level,Data Science Consultant,USD,2020,36,100,103000,103000
US,Large,US,Full Time,Entry Level,Machine Learning Engineer,USD,2020,37,50,250000,250000
NG,Small,NG,Full Time,Entry Level,Data Analyst,USD,2020,38,100,10000,10000
US,Small,US,Full Time,Entry Level,Machine Learning Engineer,USD,2020,39,100,138000,138000
US,Small,PH,Full Time,Intermediate Level,Data Scientist,USD,2020,40,100,45760,45760
ES,Large,ES,Full Time,Expert Level,Data Engineering Manager,EUR,2020,41,50,70000,79833
PT,Medium,PT,Full Time,Intermediate Level,Machine Learning Infrastructure Engineer,EUR,2020,42,0,44000,50180
US,Large,US,Full Time,Intermediate Level,Data Engineer,USD,2020,43,100,106000,106000
GB,Large,GB,Full Time,Intermediate Level,Data Engineer,GBP,2020,44,50,88000,112872
DE,Small,DE,Part Time,Entry Level,ML Engineer,EUR,2020,45,100,14000,15966
GB,Small,GB,Full Time,Intermediate Level,Data Scientist,GBP,2020,46,100,60000,76958
US,Large,US,Full Time,Senior Level,Data Engineer,USD,2020,47,100,188000,188000
US,Large,US,Full Time,Intermediate Level,Data Scientist,USD,2020,48,100,105000,105000
FR,Large,FR,Full Time,Intermediate Level,Data Engineer,EUR,2020,49,50,61500,70139
IN,Small,IN,Full Time,Entry Level,Data Analyst,INR,2020,50,0,450000,6072
US,Large,US,Full Time,Entry Level,Data Analyst,USD,2020,51,100,91000,91000
DK,Small,DK,Full Time,Entry Level,AI Scientist,DKK,2020,52,50,300000,45896
DE,Large,PK,Full Time,Entry Level,Data Engineer,EUR,2020,53,100,48000,54742
US,Small,RU,Freelance,Senior Level,Computer Vision Engineer,USD,2020,54,100,60000,60000
DE,Medium,DE,Full Time,Senior Level,Principal Data Scientist,EUR,2020,55,100,130000,148261
ES,Medium,ES,Full Time,Intermediate Level,Data Scientist,EUR,2020,56,100,34000,38776
US,Medium,US,Full Time,Intermediate Level,Data Scientist,USD,2020,57,100,118000,118000
US,Large,US,Full Time,Senior Level,Data Scientist,USD,2020,58,50,120000,120000
US,Medium,US,Full Time,Intermediate Level,Data Scientist,USD,2020,59,100,138350,138350
US,Large,US,Full Time,Intermediate Level,Data Engineer,USD,2020,60,100,110000,110000
US,Medium,ES,Full Time,Intermediate Level,Data Engineer,USD,2020,61,100,130800,130800
IT,Small,IT,Part Time,Entry Level,Data Scientist,EUR,2020,62,50,19000,21669
US,Large,US,Full Time,Senior Level,Data Scientist,USD,2020,63,100,412000,412000
HR,Small,HR,Full Time,Senior Level,Machine Learning Engineer,EUR,2020,64,100,40000,45618
DE,Small,DE,Full Time,Entry Level,Data Scientist,EUR,2020,65,50,55000,62726
DE,Small,DE,Full Time,Entry Level,Data Scientist,EUR,2020,66,0,43200,49268
US,Medium,US,Full Time,Senior Level,Data Science Manager,USD,2020,67,100,190200,190200
US,Small,US,Full Time,Entry Level,Data Scientist,USD,2020,68,100,105000,105000
AT,Small,AT,Full Time,Senior Level,Data Scientist,EUR,2020,69,0,80000,91237
LU,Small,FR,Full Time,Intermediate Level,Data Scientist,EUR,2020,70,50,55000,62726
FR,Small,FR,Full Time,Intermediate Level,Data Scientist,EUR,2020,71,50,37000,42197
GB,Large,GB,Full Time,Entry Level,Research Scientist,GBP,2021,72,50,60000,82528
US,Large,IN,Full Time,Expert Level,BI Data Analyst,USD,2021,73,100,150000,150000
US,Large,US,Full Time,Expert Level,Head of Data,USD,2021,74,100,235000,235000
FR,Large,FR,Full Time,Senior Level,Data Scientist,EUR,2021,75,50,45000,53192
US,Medium,US,Full Time,Intermediate Level,BI Data Analyst,USD,2021,76,100,100000,100000
IN,Medium,IN,Part Time,Intermediate Level,3D Computer Vision Researcher,INR,2021,77,50,400000,5409
US,Large,US,Contract,Intermediate Level,ML Engineer,USD,2021,78,100,270000,270000
US,Medium,US,Full Time,Entry Level,Data Analyst,USD,2021,79,100,80000,80000
DE,Large,DE,Full Time,Senior Level,Data Analytics Engineer,EUR,2021,80,100,67000,79197
US,Large,US,Full Time,Intermediate Level,Data Engineer,USD,2021,81,100,140000,140000
CA,Large,GB,Full Time,Intermediate Level,Applied Data Scientist,CAD,2021,82,50,68000,54238
ES,Small,ES,Full Time,Intermediate Level,Machine Learning Engineer,EUR,2021,83,100,40000,47282
PL,Large,IT,Full Time,Expert Level,Director of Data Science,EUR,2021,84,100,130000,153667
PL,Large,PL,Full Time,Intermediate Level,Data Engineer,PLN,2021,85,100,110000,28476
FR,Medium,FR,Full Time,Entry Level,Data Analyst,EUR,2021,86,50,50000,59102
US,Large,US,Full Time,Intermediate Level,Data Analytics Engineer,USD,2021,87,100,110000,110000
US,Large,US,Full Time,Senior Level,Lead Data Analyst,USD,2021,88,100,170000,170000
US,Small,BG,Full Time,Senior Level,Data Analyst,USD,2021,89,100,80000,80000
DK,Large,GR,Full Time,Senior Level,Marketing Data Analyst,EUR,2021,90,100,75000,88654
DE,Small,DE,Full Time,Entry Level,Data Science Consultant,EUR,2021,91,100,65000,76833
IN,Large,IN,Full Time,Intermediate Level,Lead Data Analyst,INR,2021,92,100,1450000,19609
US,Large,US,Full Time,Senior Level,Lead Data Engineer,USD,2021,93,0,276000,276000
IN,Large,IN,Full Time,Entry Level,Data Scientist,INR,2021,94,50,2200000,29751
SG,Large,SG,Full Time,Intermediate Level,Cloud Data Engineer,SGD,2021,95,50,120000,89294
US,Small,BR,Part Time,Entry Level,AI Scientist,USD,2021,96,100,12000,12000
US,Large,US,Full Time,Intermediate Level,Financial Data Analyst,USD,2021,97,100,450000,450000
US,Medium,US,Full Time,Entry Level,Computer Vision Software Engineer,USD,2021,98,100,70000,70000
US,Small,DE,Full Time,Intermediate Level,Computer Vision Software Engineer,EUR,2021,99,100,81000,95746
US,Large,US,Full Time,Intermediate Level,Data Analyst,USD,2021,100,0,75000,75000
US,Large,US,Full Time,Senior Level,Data Engineer,USD,2021,101,100,150000,150000
US,Large,HU,Full Time,Intermediate Level,BI Data Analyst,HUF,2021,102,50,11000000,36259
US,Large,US,Full Time,Intermediate Level,Data Analyst,USD,2021,103,0,62000,62000
US,Large,US,Full Time,Intermediate Level,Data Scientist,USD,2021,104,0,73000,73000
GB,Large,GB,Full Time,Intermediate Level,Data Analyst,GBP,2021,105,50,37456,51519
CA,Large,CA,Full Time,Intermediate Level,Research Scientist,CAD,2021,106,100,235000,187442
US,Small,US,Full Time,Senior Level,Data Engineer,USD,2021,107,100,115000,115000
US,Medium,US,Full Time,Senior Level,Data Engineer,USD,2021,108,100,150000,150000
IN,Large,IN,Full Time,Entry Level,Data Engineer,INR,2021,109,100,2250000,30428
DE,Large,DE,Full Time,Senior Level,Machine Learning Engineer,EUR,2021,110,50,80000,94564
GB,Medium,GB,Full Time,Senior Level,Director of Data Engineering,GBP,2021,111,100,82500,113476
GB,Small,GB,Full Time,Senior Level,Lead Data Engineer,GBP,2021,112,100,75000,103160
US,Medium,PK,Part Time,Entry Level,AI Scientist,USD,2021,113,100,12000,12000
NL,Large,NL,Full Time,Intermediate Level,Data Engineer,EUR,2021,114,100,38400,45391
US,Large,US,Full Time,Entry Level,Machine Learning Scientist,USD,2021,115,100,225000,225000
NG,Large,NG,Full Time,Intermediate Level,Data Scientist,USD,2021,116,100,50000,50000
GR,Medium,GR,Full Time,Intermediate Level,Data Science Engineer,EUR,2021,117,100,34000,40189
US,Small,US,Full Time,Entry Level,Data Analyst,USD,2021,118,100,90000,90000
US,Large,US,Full Time,Intermediate Level,Data Engineer,USD,2021,119,100,200000,200000
RO,Medium,ES,Full Time,Intermediate Level,Big Data Engineer,USD,2021,120,50,60000,60000
US,Medium,US,Full Time,Senior Level,Principal Data Engineer,USD,2021,121,100,200000,200000
US,Medium,US,Full Time,Entry Level,Data Analyst,USD,2021,122,100,50000,50000
GB,Large,GB,Full Time,Entry Level,Applied Data Scientist,GBP,2021,123,0,80000,110037
ES,Medium,ES,Part Time,Entry Level,Data Analyst,EUR,2021,124,50,8760,10354
US,Large,US,Full Time,Intermediate Level,Principal Data Scientist,USD,2021,125,100,151000,151000
US,Small,US,Full Time,Senior Level,Machine Learning Scientist,USD,2021,126,50,120000,120000
IN,Small,IN,Full Time,Intermediate Level,Data Scientist,INR,2021,127,0,700000,9466
IN,Small,IN,Full Time,Entry Level,Machine Learning Engineer,USD,2021,128,100,20000,20000
IN,Large,IN,Full Time,Senior Level,Lead Data Scientist,INR,2021,129,50,3000000,40570
IQ,Small,IQ,Full Time,Entry Level,Machine Learning Developer,USD,2021,130,50,100000,100000
FR,Medium,FR,Full Time,Entry Level,Data Scientist,EUR,2021,131,50,42000,49646
US,Medium,VN,Full Time,Intermediate Level,Applied Machine Learning Scientist,USD,2021,132,100,38400,38400
BR,Medium,BR,Full Time,Senior Level,Computer Vision Engineer,USD,2021,133,100,24000,24000
US,Small,US,Full Time,Entry Level,Data Scientist,USD,2021,134,0,100000,100000
US,Medium,US,Full Time,Intermediate Level,Data Analyst,USD,2021,135,100,90000,90000
JP,Small,JP,Full Time,Intermediate Level,ML Engineer,JPY,2021,136,50,7000000,63711
JP,Small,JP,Full Time,Intermediate Level,ML Engineer,JPY,2021,137,50,8500000,77364
US,Large,US,Full Time,Senior Level,Principal Data Scientist,USD,2021,138,0,220000,220000
US,Medium,US,Full Time,Entry Level,Data Scientist,USD,2021,139,100,80000,80000
US,Large,US,Full Time,Intermediate Level,Data Analyst,USD,2021,140,100,135000,135000
US,Large,US,Full Time,Senior Level,Data Science Manager,USD,2021,141,0,240000,240000
US,Large,US,Full Time,Senior Level,Data Engineering Manager,USD,2021,142,0,150000,150000
US,Small,US,Full Time,Intermediate Level,Data Scientist,USD,2021,143,100,82500,82500
US,Large,US,Full Time,Intermediate Level,Data Engineer,USD,2021,144,100,100000,100000
BE,Medium,BE,Full Time,Senior Level,Machine Learning Engineer,EUR,2021,145,50,70000,82744
FR,Medium,FR,Full Time,Intermediate Level,Research Scientist,EUR,2021,146,50,53000,62649
US,Large,US,Full Time,Intermediate Level,Data Engineer,USD,2021,147,100,90000,90000
US,Large,US,Full Time,Senior Level,Data Engineering Manager,USD,2021,148,100,153000,153000
US,Small,BR,Full Time,Senior Level,Cloud Data Engineer,USD,2021,149,100,160000,160000
JP,Small,JP,Full Time,Senior Level,Director of Data Science,USD,2021,150,0,168000,168000
US,Medium,US,Full Time,Intermediate Level,Data Scientist,USD,2021,151,100,150000,150000
CA,Large,CA,Full Time,Intermediate Level,Data Scientist,CAD,2021,152,100,95000,75774
UA,Large,UA,Full Time,Entry Level,Data Scientist,USD,2021,153,100,13400,13400
US,Large,US,Full Time,Senior Level,Data Science Manager,USD,2021,154,100,144000,144000
CA,Large,CA,Full Time,Senior Level,Data Science Engineer,CAD,2021,155,50,159500,127221
IL,Medium,SG,Full Time,Intermediate Level,Data Scientist,SGD,2021,156,100,160000,119059
US,Large,US,Full Time,Intermediate Level,Applied Machine Learning Scientist,USD,2021,157,50,423000,423000
US,Medium,US,Full Time,Senior Level,Data Analytics Manager,USD,2021,158,100,120000,120000
US,Small,US,Full Time,Entry Level,Machine Learning Engineer,USD,2021,159,100,125000,125000
RU,Large,RU,Full Time,Expert Level,Head of Data,USD,2021,160,50,230000,230000
RU,Medium,RU,Full Time,Expert Level,Head of Data Science,USD,2021,161,0,85000,85000
MT,Large,MT,Full Time,Intermediate Level,Data Engineer,EUR,2021,162,50,24000,28369
DE,Large,DE,Full Time,Entry Level,Data Science Consultant,EUR,2021,163,50,54000,63831
DE,Medium,DE,Full Time,Expert Level,Director of Data Science,EUR,2021,164,50,110000,130026
US,Large,US,Full Time,Senior Level,Data Specialist,USD,2021,165,100,165000,165000
US,Large,US,Full Time,Entry Level,Data Engineer,USD,2021,166,100,80000,80000
US,Large,US,Full Time,Expert Level,Director of Data Science,USD,2021,167,0,250000,250000
US,Small,US,Full Time,Entry Level,BI Data Analyst,USD,2021,168,50,55000,55000
US,Large,US,Full Time,Intermediate Level,Data Architect,USD,2021,169,100,150000,150000
US,Large,US,Full Time,Intermediate Level,Data Architect,USD,2021,170,100,170000,170000
GB,Large,GB,Full Time,Intermediate Level,Data Engineer,GBP,2021,171,100,60000,82528
US,Small,US,Full Time,Entry Level,Data Analyst,USD,2021,172,100,60000,60000
US,Large,US,Full Time,Senior Level,Principal Data Scientist,USD,2021,173,100,235000,235000
PT,Large,PT,Full Time,Senior Level,Research Scientist,EUR,2021,174,50,51400,60757
US,Large,US,Full Time,Senior Level,Data Engineering Manager,USD,2021,175,100,174000,174000
MX,Small,MX,Full Time,Intermediate Level,Data Scientist,MXN,2021,176,0,58000,2859
CL,Large,CL,Full Time,Intermediate Level,Data Scientist,CLP,2021,177,100,30400000,40038
US,Small,US,Full Time,Entry Level,Machine Learning Engineer,USD,2021,178,50,81000,81000
US,Small,IN,Full Time,Intermediate Level,Data Scientist,INR,2021,179,100,420000,5679
IN,Large,IN,Full Time,Intermediate Level,Big Data Engineer,INR,2021,180,0,1672000,22611
DE,Large,DE,Full Time,Intermediate Level,Data Scientist,EUR,2021,181,50,76760,90734
US,Large,RO,Full Time,Intermediate Level,Data Engineer,EUR,2021,182,0,22000,26005
GB,Large,GB,Full Time,Senior Level,Finance Data Analyst,GBP,2021,183,50,45000,61896
PK,Medium,PK,Freelance,Intermediate Level,Machine Learning Scientist,USD,2021,184,50,12000,12000
IR,Medium,IR,Full Time,Intermediate Level,Data Engineer,USD,2021,185,100,4000,4000
GB,Medium,VN,Full Time,Senior Level,Data Analytics Engineer,USD,2021,186,100,50000,50000
ES,Small,FR,Full Time,Expert Level,Data Science Consultant,EUR,2021,187,100,59000,69741
GB,Small,RO,Full Time,Senior Level,Data Engineer,EUR,2021,188,50,65000,76833
JP,Small,JP,Full Time,Intermediate Level,Machine Learning Engineer,USD,2021,189,50,74000,74000
FR,Large,US,Full Time,Senior Level,Data Science Manager,USD,2021,190,100,152000,152000
CO,Medium,CO,Full Time,Entry Level,Machine Learning Engineer,USD,2021,191,50,21844,21844
MD,Small,MD,Full Time,Intermediate Level,Big Data Engineer,USD,2021,192,0,18000,18000
US,Large,US,Full Time,Senior Level,Data Science Manager,USD,2021,193,100,174000,174000
CA,Large,CA,Full Time,Senior Level,Research Scientist,CAD,2021,194,50,120500,96113
US,Large,US,Full Time,Intermediate Level,Data Scientist,USD,2021,195,50,147000,147000
KE,Small,KE,Full Time,Entry Level,BI Data Analyst,USD,2021,196,100,9272,9272
IN,Large,IN,Full Time,Senior Level,Machine Learning Engineer,INR,2021,197,100,1799997,24342
US,Large,IN,Full Time,Senior Level,Data Science Manager,INR,2021,198,50,4000000,54094
US,Small,US,Full Time,Entry Level,Data Science Consultant,USD,2021,199,100,90000,90000
AT,Medium,DE,Full Time,Intermediate Level,Data Scientist,EUR,2021,200,50,52000,61467
US,Medium,US,Full Time,Senior Level,Machine Learning Infrastructure Engineer,USD,2021,201,100,195000,195000
ES,Large,ES,Full Time,Intermediate Level,Data Scientist,EUR,2021,202,100,32000,37825
US,Small,FR,Full Time,Senior Level,Research Scientist,USD,2021,203,100,50000,50000
US,Large,US,Full Time,Intermediate Level,Data Scientist,USD,2021,204,100,160000,160000
BR,Small,BR,Full Time,Intermediate Level,Data Scientist,BRL,2021,205,0,69600,12901
US,Large,US,Full Time,Senior Level,Machine Learning Engineer,USD,2021,206,100,200000,200000
US,Medium,US,Full Time,Senior Level,Data Engineer,USD,2021,207,0,165000,165000
US,Large,IT,Freelance,Intermediate Level,Data Engineer,USD,2021,208,0,20000,20000
US,Large,US,Full Time,Senior Level,Data Analytics Manager,USD,2021,209,0,120000,120000
SI,Large,SI,Full Time,Intermediate Level,Machine Learning Engineer,EUR,2021,210,50,21000,24823
FR,Small,FR,Full Time,Intermediate Level,Research Scientist,EUR,2021,211,50,48000,56738
GB,Small,HK,Full Time,Intermediate Level,Data Engineer,GBP,2021,212,50,48000,66022
CH,Large,IN,Full Time,Entry Level,Big Data Engineer,INR,2021,213,0,435000,5882
DE,Medium,DE,Full Time,Entry Level,Machine Learning Engineer,EUR,2021,214,50,21000,24823
US,Large,US,Full Time,Senior Level,Principal Data Engineer,USD,2021,215,100,185000,185000
DK,Small,DK,Part Time,Entry Level,Computer Vision Engineer,DKK,2021,216,50,180000,28609
DE,Large,DE,Full Time,Intermediate Level,Data Scientist,EUR,2021,217,50,76760,90734
BE,Medium,BE,Full Time,Intermediate Level,Machine Learning Engineer,EUR,2021,218,100,75000,88654
US,Large,US,Full Time,Senior Level,Data Analytics Manager,USD,2021,219,100,140000,140000
PL,Large,PL,Full Time,Intermediate Level,Machine Learning Engineer,PLN,2021,220,100,180000,46597
GB,Large,GB,Full Time,Intermediate Level,Data Scientist,GBP,2021,221,50,85000,116914
IN,Medium,IN,Full Time,Intermediate Level,Data Scientist,INR,2021,222,0,2500000,33808
GB,Large,GB,Full Time,Intermediate Level,Data Scientist,GBP,2021,223,50,40900,56256
CA,Large,US,Full Time,Senior Level,Machine Learning Scientist,USD,2021,224,100,225000,225000
US,Small,US,Contract,Expert Level,Principal Data Scientist,USD,2021,225,100,416000,416000
CA,Small,CA,Full Time,Senior Level,Data Scientist,CAD,2021,226,100,110000,87738
DE,Large,DE,Full Time,Intermediate Level,Data Scientist,EUR,2021,227,50,75000,88654
US,Large,US,Full Time,Senior Level,Data Scientist,USD,2021,228,0,135000,135000
CA,Medium,CA,Full Time,Senior Level,Data Analyst,CAD,2021,229,100,90000,71786
IN,Large,IN,Full Time,Entry Level,Big Data Engineer,INR,2021,230,100,1200000,16228
US,Small,US,Full Time,Senior Level,ML Engineer,USD,2021,231,100,256000,256000
US,Large,US,Full Time,Senior Level,Director of Data Engineering,USD,2021,232,100,200000,200000
US,Large,US,Full Time,Senior Level,Data Analyst,USD,2021,233,100,200000,200000
US,Large,US,Full Time,Intermediate Level,Data Architect,USD,2021,234,100,180000,180000
US,Small,US,Full Time,Intermediate Level,Head of Data Science,USD,2021,235,0,110000,110000
CA,Medium,CA,Full Time,Intermediate Level,Research Scientist,CAD,2021,236,100,80000,63810
ES,Medium,ES,Full Time,Intermediate Level,Data Scientist,EUR,2021,237,100,39600,46809
VN,Medium,VN,Full Time,Entry Level,Data Scientist,USD,2021,238,0,4000,4000
IN,Medium,IN,Full Time,Entry Level,Data Engineer,INR,2021,239,50,1600000,21637
CA,Large,CA,Full Time,Senior Level,Data Scientist,CAD,2021,240,100,130000,103691
US,Large,US,Full Time,Intermediate Level,Data Analyst,USD,2021,241,100,80000,80000
US,Large,US,Full Time,Intermediate Level,Data Engineer,USD,2021,242,100,110000,110000
US,Large,US,Full Time,Senior Level,Data Scientist,USD,2021,243,100,165000,165000
AS,Small,IN,Full Time,Entry Level,AI Scientist,INR,2021,244,100,1335000,18053
GB,Large,GB,Full Time,Intermediate Level,Data Engineer,GBP,2021,245,50,52500,72212
FR,Large,FR,Full Time,Entry Level,Data Scientist,EUR,2021,246,50,31000,36643
TR,Medium,TR,Full Time,Intermediate Level,Data Engineer,TRY,2021,247,0,108000,12103
GB,Large,GB,Full Time,Senior Level,Data Engineer,GBP,2021,248,50,70000,96282
US,Medium,US,Full Time,Senior Level,Principal Data Analyst,USD,2021,249,100,170000,170000
US,Large,US,Full Time,Intermediate Level,Data Scientist,USD,2021,250,50,115000,115000
US,Small,US,Full Time,Entry Level,Data Scientist,USD,2021,251,100,90000,90000
US,Large,US,Full Time,Expert Level,Principal Data Engineer,USD,2021,252,100,600000,600000
IN,Medium,IN,Full Time,Entry Level,Data Scientist,INR,2021,253,100,2100000,28399
US,Large,US,Full Time,Intermediate Level,Data Analyst,USD,2021,254,100,93000,93000
CA,Medium,CA,Full Time,Senior Level,Big Data Architect,CAD,2021,255,50,125000,99703
US,Large,US,Full Time,Intermediate Level,Data Engineer,USD,2021,256,100,200000,200000
DE,Medium,DE,Full Time,Senior Level,Principal Data Scientist,EUR,2021,257,100,147000,173762
US,Large,US,Full Time,Senior Level,Machine Learning Engineer,USD,2021,258,50,185000,185000
DE,Large,DE,Full Time,Expert Level,Director of Data Science,EUR,2021,259,0,120000,141846
US,Large,US,Full Time,Intermediate Level,Data Scientist,USD,2021,260,50,130000,130000
DE,Large,DE,Full Time,Senior Level,Data Analyst,EUR,2021,261,50,54000,63831
IN,Small,IN,Full Time,Intermediate Level,Data Scientist,INR,2021,262,100,1250000,16904
IN,Large,IN,Full Time,Senior Level,Machine Learning Engineer,INR,2021,263,0,4900000,66265
DE,Small,RS,Full Time,Intermediate Level,Data Scientist,EUR,2021,264,100,21600,25532
US,Small,PR,Full Time,Senior Level,Lead Data Engineer,USD,2021,265,50,160000,160000
US,Medium,US,Full Time,Intermediate Level,Data Engineer,USD,2021,266,0,93150,93150
US,Medium,US,Full Time,Intermediate Level,Data Engineer,USD,2021,267,0,111775,111775
TR,Medium,TR,Full Time,Intermediate Level,Data Engineer,TRY,2021,268,100,250000,28016
DE,Medium,DE,Full Time,Entry Level,Data Engineer,EUR,2021,269,50,55000,65013
US,Large,US,Full Time,Entry Level,Data Engineer,USD,2021,270,100,72500,72500
BR,Medium,BR,Full Time,Senior Level,Computer Vision Engineer,BRL,2021,271,0,102000,18907
DE,Large,DE,Full Time,Entry Level,Data Science Consultant,EUR,2021,272,0,65000,76833
DE,Small,NL,Full Time,Entry Level,Machine Learning Engineer,USD,2021,273,100,85000,85000
FR,Medium,FR,Full Time,Senior Level,Data Scientist,EUR,2021,274,50,65720,77684
US,Medium,US,Full Time,Entry Level,Data Scientist,USD,2021,275,100,100000,100000
US,Large,US,Full Time,Entry Level,Data Scientist,USD,2021,276,50,58000,58000
ES,Large,ES,Full Time,Senior Level,AI Scientist,USD,2021,277,100,55000,55000
TR,Large,TR,Full Time,Senior Level,Data Scientist,TRY,2021,278,50,180000,20171
LU,Large,LU,Full Time,Entry Level,Business Data Analyst,EUR,2021,279,100,50000,59102
US,Large,US,Full Time,Intermediate Level,Data Engineer,USD,2021,280,100,112000,112000
CN,Large,JE,Full Time,Entry Level,Research Scientist,USD,2021,281,0,100000,100000
NL,Large,NL,Part Time,Intermediate Level,Data Engineer,EUR,2021,282,100,59000,69741
US,Medium,US,Contract,Senior Level,Staff Data Scientist,USD,2021,283,100,105000,105000
CZ,Large,CZ,Full Time,Intermediate Level,Research Scientist,USD,2021,284,50,69999,69999
IN,Large,IN,Full Time,Senior Level,Data Science Manager,INR,2021,285,50,7000000,94665
SI,Large,SI,Full Time,Senior Level,Head of Data,EUR,2021,286,100,87000,102839
US,Large,US,Full Time,Intermediate Level,Data Scientist,USD,2021,287,50,109000,109000
IT,Large,IT,Full Time,Intermediate Level,Machine Learning Engineer,EUR,2021,288,50,43200,51064
US,Medium,US,Full Time,Senior Level,Data Engineer,USD,2022,289,100,135000,135000
US,Medium,US,Full Time,Senior Level,Data Analyst,USD,2022,290,100,155000,155000
US,Medium,US,Full Time,Senior Level,Data Analyst,USD,2022,291,100,120600,120600
US,Medium,US,Full Time,Intermediate Level,Data Scientist,USD,2022,292,0,130000,130000
US,Medium,US,Full Time,Intermediate Level,Data Scientist,USD,2022,293,0,90000,90000
US,Medium,US,Full Time,Intermediate Level,Data Engineer,USD,2022,294,100,170000,170000
US,Medium,US,Full Time,Intermediate Level,Data Engineer,USD,2022,295,100,150000,150000
US,Medium,US,Full Time,Senior Level,Data Analyst,USD,2022,296,100,102100,102100
US,Medium,US,Full Time,Senior Level,Data Analyst,USD,2022,297,100,84900,84900
US,Medium,US,Full Time,Senior Level,Data Scientist,USD,2022,298,100,136620,136620
US,Medium,US,Full Time,Senior Level,Data Scientist,USD,2022,299,100,99360,99360
GB,Medium,GB,Full Time,Senior Level,Data Scientist,GBP,2022,300,0,90000,117789
GB,Medium,GB,Full Time,Senior Level,Data Scientist,GBP,2022,301,0,80000,104702
US,Medium,US,Full Time,Senior Level,Data Scientist,USD,2022,302,100,146000,146000
US,Medium,US,Full Time,Senior Level,Data Scientist,USD,2022,303,100,123000,123000
GB,Medium,GB,Full Time,Entry Level,Data Engineer,GBP,2022,304,100,40000,52351
US,Medium,US,Full Time,Senior Level,Data Analyst,USD,2022,305,0,99000,99000
US,Medium,US,Full Time,Senior Level,Data Analyst,USD,2022,306,0,116000,116000
US,Medium,US,Full Time,Intermediate Level,Data Analyst,USD,2022,307,0,106260,106260
US,Medium,US,Full Time,Intermediate Level,Data Analyst,USD,2022,308,0,126500,126500
US,Medium,US,Full Time,Expert Level,Data Engineer,USD,2022,309,100,242000,242000
US,Medium,US,Full Time,Expert Level,Data Engineer,USD,2022,310,100,200000,200000
GB,Medium,GB,Full Time,Intermediate Level,Data Scientist,GBP,2022,311,0,50000,65438
GB,Medium,GB,Full Time,Intermediate Level,Data Scientist,GBP,2022,312,0,30000,39263
GB,Medium,GB,Full Time,Intermediate Level,Data Engineer,GBP,2022,313,0,60000,78526
GB,Medium,GB,Full Time,Intermediate Level,Data Engineer,GBP,2022,314,0,40000,52351
US,Medium,US,Full Time,Senior Level,Data Scientist,USD,2022,315,100,165220,165220
GB,Medium,GB,Full Time,Entry Level,Data Engineer,GBP,2022,316,100,35000,45807
US,Medium,US,Full Time,Senior Level,Data Scientist,USD,2022,317,100,120160,120160
US,Medium,US,Full Time,Senior Level,Data Analyst,USD,2022,318,100,90320,90320
US,Medium,US,Full Time,Senior Level,Data Engineer,USD,2022,319,0,181940,181940
US,Medium,US,Full Time,Senior Level,Data Engineer,USD,2022,320,0,132320,132320
US,Medium,US,Full Time,Senior Level,Data Engineer,USD,2022,321,0,220110,220110
US,Medium,US,Full Time,Senior Level,Data Engineer,USD,2022,322,0,160080,160080
US,Large,US,Full Time,Senior Level,Data Scientist,USD,2022,323,0,180000,180000
US,Large,US,Full Time,Senior Level,Data Scientist,USD,2022,324,0,120000,120000
US,Medium,US,Full Time,Senior Level,Data Analyst,USD,2022,325,100,124190,124190
US,Medium,US,Full Time,Expert Level,Data Analyst,USD,2022,326,100,130000,130000
US,Medium,US,Full Time,Expert Level,Data Analyst,USD,2022,327,100,110000,110000
US,Medium,US,Full Time,Senior Level,Data Analyst,USD,2022,328,100,170000,170000
US,Medium,US,Full Time,Intermediate Level,Data Analyst,USD,2022,329,100,115500,115500
US,Medium,US,Full Time,Senior Level,Data Analyst,USD,2022,330,100,112900,112900
US,Medium,US,Full Time,Senior Level,Data Analyst,USD,2022,331,100,90320,90320
US,Medium,US,Full Time,Senior Level,Data Analyst,USD,2022,332,100,112900,112900
US,Medium,US,Full Time,Senior Level,Data Analyst,USD,2022,333,100,90320,90320
US,Medium,US,Full Time,Senior Level,Data Engineer,USD,2022,334,100,165400,165400
US,Medium,US,Full Time,Senior Level,Data Engineer,USD,2022,335,100,132320,132320
US,Medium,US,Full Time,Intermediate Level,Data Analyst,USD,2022,336,100,167000,167000
US,Medium,US,Full Time,Senior Level,Data Engineer,USD,2022,337,100,243900,243900
US,Medium,US,Full Time,Senior Level,Data Analyst,USD,2022,338,100,136600,136600
US,Medium,US,Full Time,Senior Level,Data Analyst,USD,2022,339,100,109280,109280
US,Medium,US,Full Time,Senior Level,Data Engineer,USD,2022,340,100,128875,128875
US,Medium,US,Full Time,Senior Level,Data Engineer,USD,2022,341,100,93700,93700
US,Medium,US,Full Time,Expert Level,Head of Data Science,USD,2022,342,100,224000,224000
US,Medium,US,Full Time,Expert Level,Head of Data Science,USD,2022,343,100,167875,167875
US,Medium,US,Full Time,Expert Level,Analytics Engineer,USD,2022,344,100,175000,175000
US,Medium,US,Full Time,Senior Level,Data Engineer,USD,2022,345,100,156600,156600
US,Medium,US,Full Time,Senior Level,Data Engineer,USD,2022,346,0,108800,108800
US,Medium,US,Full Time,Senior Level,Data Scientist,USD,2022,347,0,95550,95550
US,Large,US,Full Time,Senior Level,Data Engineer,USD,2022,348,0,113000,113000
US,Medium,US,Full Time,Senior Level,Data Analyst,USD,2022,349,100,135000,135000
US,Medium,US,Full Time,Senior Level,Data Science Manager,USD,2022,350,100,161342,161342
US,Medium,US,Full Time,Senior Level,Data Science Manager,USD,2022,351,100,137141,137141
US,Medium,US,Full Time,Senior Level,Data Scientist,USD,2022,352,100,167000,167000
US,Medium,US,Full Time,Senior Level,Data Scientist,USD,2022,353,100,123000,123000
GB,Medium,GB,Full Time,Senior Level,Data Engineer,GBP,2022,354,0,60000,78526
GB,Medium,GB,Full Time,Senior Level,Data Engineer,GBP,2022,355,0,50000,65438
US,Medium,US,Full Time,Senior Level,Data Scientist,USD,2022,356,0,150000,150000
US,Medium,US,Full Time,Senior Level,Data Scientist,USD,2022,357,100,211500,211500
CA,Medium,CA,Full Time,Senior Level,Data Architect,USD,2022,358,100,192400,192400
CA,Medium,CA,Full Time,Senior Level,Data Architect,USD,2022,359,100,90700,90700
CA,Medium,CA,Full Time,Senior Level,Data Analyst,USD,2022,360,100,130000,130000
CA,Medium,CA,Full Time,Senior Level,Data Analyst,USD,2022,361,100,61300,61300
CA,Medium,CA,Full Time,Senior Level,Data Analyst,USD,2022,362,100,130000,130000
CA,Medium,CA,Full Time,Senior Level,Data Analyst,USD,2022,363,100,61300,61300
US,Large,US,Full Time,Senior Level,Data Engineer,USD,2022,364,0,160000,160000
US,Medium,US,Full Time,Senior Level,Data Scientist,USD,2022,365,100,138600,138600
US,Medium,US,Full Time,Senior Level,Data Engineer,USD,2022,366,0,136000,136000
US,Small,US,Full Time,Intermediate Level,Data Analyst,USD,2022,367,0,58000,58000
US,Medium,US,Full Time,Expert Level,Analytics Engineer,USD,2022,368,100,135000,135000
US,Medium,US,Full Time,Senior Level,Data Scientist,USD,2022,369,100,170000,170000
US,Medium,US,Full Time,Senior Level,Data Scientist,USD,2022,370,100,123000,123000
US,Medium,US,Full Time,Senior Level,Machine Learning Engineer,USD,2022,371,0,189650,189650
US,Medium,US,Full Time,Senior Level,Machine Learning Engineer,USD,2022,372,0,164996,164996
GR,Medium,GR,Full Time,Intermediate Level,ETL Developer,EUR,2022,373,0,50000,54957
GR,Medium,GR,Full Time,Intermediate Level,ETL Developer,EUR,2022,374,0,50000,54957
CA,Small,CA,Full Time,Expert Level,Lead Data Engineer,CAD,2022,375,100,150000,118187
US,Medium,US,Full Time,Senior Level,Data Analyst,USD,2022,376,0,132000,132000
US,Medium,US,Full Time,Senior Level,Data Engineer,USD,2022,377,100,165400,165400
US,Medium,US,Full Time,Senior Level,Data Architect,USD,2022,378,100,208775,208775
US,Medium,US,Full Time,Senior Level,Data Architect,USD,2022,379,100,147800,147800
US,Medium,US,Full Time,Senior Level,Data Engineer,USD,2022,380,100,136994,136994
US,Medium,US,Full Time,Senior Level,Data Engineer,USD,2022,381,100,101570,101570
US,Medium,US,Full Time,Senior Level,Data Analyst,USD,2022,382,100,128875,128875
US,Medium,US,Full Time,Senior Level,Data Analyst,USD,2022,383,100,93700,93700
IN,Large,IN,Full Time,Expert Level,Head of Machine Learning,INR,2022,384,50,6000000,79039
US,Medium,US,Full Time,Senior Level,Data Engineer,USD,2022,385,100,132320,132320
GB,Large,GB,Full Time,Entry Level,Machine Learning Engineer,GBP,2022,386,100,28500,37300
US,Medium,US,Full Time,Senior Level,Data Analyst,USD,2022,387,0,164000,164000
US,Medium,US,Full Time,Senior Level,Data Engineer,USD,2022,388,100,155000,155000
GB,Medium,GB,Full Time,Intermediate Level,Machine Learning Engineer,GBP,2022,389,0,95000,124333
GB,Medium,GB,Full Time,Intermediate Level,Machine Learning Engineer,GBP,2022,390,0,75000,98158
US,Medium,US,Full Time,Intermediate Level,AI Scientist,USD,2022,391,0,120000,120000
US,Medium,US,Full Time,Senior Level,Data Analyst,USD,2022,392,100,112900,112900
US,Medium,US,Full Time,Senior Level,Data Analyst,USD,2022,393,100,90320,90320
US,Medium,US,Full Time,Senior Level,Data Analytics Manager,USD,2022,394,100,145000,145000
US,Medium,US,Full Time,Senior Level,Data Analytics Manager,USD,2022,395,100,105400,105400
DE,Medium,FR,Full Time,Intermediate Level,Machine Learning Engineer,EUR,2022,396,100,80000,87932
GB,Medium,GB,Full Time,Intermediate Level,Data Engineer,GBP,2022,397,0,90000,117789
US,Large,US,Full Time,Senior Level,Data Scientist,USD,2022,398,100,215300,215300
US,Large,US,Full Time,Senior Level,Data Scientist,USD,2022,399,100,158200,158200
US,Large,US,Full Time,Senior Level,Data Engineer,USD,2022,400,100,209100,209100
US,Large,US,Full Time,Senior Level,Data Engineer,USD,2022,401,100,154600,154600
US,Medium,US,Full Time,Senior Level,Data Analyst,USD,2022,402,0,115934,115934
US,Medium,US,Full Time,Senior Level,Data Analyst,USD,2022,403,0,81666,81666
US,Medium,US,Full Time,Senior Level,Data Engineer,USD,2022,404,100,175000,175000
GB,Medium,GB,Full Time,Intermediate Level,Data Engineer,GBP,2022,405,0,75000,98158
US,Small,US,Full Time,Intermediate Level,Data Analyst,USD,2022,406,0,58000,58000
US,Large,US,Full Time,Senior Level,Data Engineer,USD,2022,407,100,183600,183600
GB,Medium,GB,Full Time,Intermediate Level,Data Analyst,GBP,2022,408,100,40000,52351
US,Medium,US,Full Time,Senior Level,Data Scientist,USD,2022,409,100,180000,180000
GB,Medium,GB,Full Time,Intermediate Level,Data Scientist,GBP,2022,410,0,55000,71982
GB,Medium,GB,Full Time,Intermediate Level,Data Scientist,GBP,2022,411,0,35000,45807
GR,Medium,GR,Full Time,Intermediate Level,Data Engineer,EUR,2022,412,100,60000,65949
GR,Medium,GR,Full Time,Intermediate Level,Data Engineer,EUR,2022,413,100,45000,49461
GB,Medium,GB,Full Time,Intermediate Level,Data Engineer,GBP,2022,414,100,60000,78526
GB,Medium,GB,Full Time,Intermediate Level,Data Engineer,GBP,2022,415,100,45000,58894
US,Medium,US,Full Time,Senior Level,Data Scientist,USD,2022,416,100,260000,260000
MX,Large,AR,Full Time,Senior Level,Data Science Engineer,USD,2022,417,100,60000,60000
US,Medium,US,Full Time,Intermediate Level,Data Engineer,USD,2022,418,0,63900,63900
US,Large,US,Full Time,Intermediate Level,Machine Learning Scientist,USD,2022,419,100,160000,160000
US,Large,US,Full Time,Intermediate Level,Machine Learning Scientist,USD,2022,420,100,112300,112300
US,Medium,US,Full Time,Intermediate Level,Data Science Manager,USD,2022,421,100,241000,241000
US,Medium,US,Full Time,Intermediate Level,Data Science Manager,USD,2022,422,100,159000,159000
US,Medium,US,Full Time,Senior Level,Data Scientist,USD,2022,423,0,180000,180000
US,Medium,US,Full Time,Senior Level,Data Scientist,USD,2022,424,0,80000,80000
US,Medium,US,Full Time,Intermediate Level,Data Engineer,USD,2022,425,0,82900,82900
US,Large,US,Full Time,Senior Level,Data Engineer,USD,2022,426,100,100800,100800
ES,Medium,ES,Full Time,Intermediate Level,Data Engineer,EUR,2022,427,100,45000,49461
US,Large,US,Full Time,Senior Level,Data Scientist,USD,2022,428,0,140400,140400
GB,Medium,GB,Full Time,Intermediate Level,Data Analyst,GBP,2022,429,100,30000,39263
ES,Medium,ES,Full Time,Intermediate Level,Data Analyst,EUR,2022,430,100,40000,43966
ES,Medium,ES,Full Time,Intermediate Level,Data Analyst,EUR,2022,431,100,30000,32974
ES,Medium,ES,Full Time,Intermediate Level,Data Engineer,EUR,2022,432,100,80000,87932
ES,Medium,ES,Full Time,Intermediate Level,Data Engineer,EUR,2022,433,100,70000,76940
GB,Medium,GB,Full Time,Intermediate Level,Data Engineer,GBP,2022,434,100,80000,104702
GB,Medium,GB,Full Time,Intermediate Level,Data Engineer,GBP,2022,435,100,70000,91614
ES,Medium,ES,Full Time,Intermediate Level,Data Engineer,EUR,2022,436,100,60000,65949
GR,Medium,GR,Full Time,Intermediate Level,Data Engineer,EUR,2022,437,100,80000,87932
US,Medium,US,Full Time,Senior Level,Machine Learning Engineer,USD,2022,438,0,189650,189650
US,Medium,US,Full Time,Senior Level,Machine Learning Engineer,USD,2022,439,0,164996,164996
GR,Medium,GR,Full Time,Intermediate Level,Data Analyst,EUR,2022,440,100,40000,43966
GR,Medium,GR,Full Time,Intermediate Level,Data Analyst,EUR,2022,441,100,30000,32974
GB,Medium,GB,Full Time,Intermediate Level,Data Engineer,GBP,2022,442,100,75000,98158
GB,Medium,GB,Full Time,Intermediate Level,Data Engineer,GBP,2022,443,100,60000,78526
US,Large,US,Full Time,Senior Level,Data Scientist,USD,2022,444,0,215300,215300
GR,Medium,GR,Full Time,Intermediate Level,Data Engineer,EUR,2022,445,100,70000,76940
US,Large,US,Full Time,Senior Level,Data Engineer,USD,2022,446,100,209100,209100
US,Large,US,Full Time,Senior Level,Data Engineer,USD,2022,447,100,154600,154600
US,Medium,US,Full Time,Senior Level,Data Engineer,USD,2022,448,100,180000,180000
PT,Large,PT,Full Time,Entry Level,ML Engineer,EUR,2022,449,100,20000,21983
US,Medium,US,Full Time,Senior Level,Data Engineer,USD,2022,450,100,80000,80000
CA,Medium,CA,Full Time,Intermediate Level,Machine Learning Developer,CAD,2022,451,100,100000,78791
CA,Large,CA,Full Time,Expert Level,Director of Data Science,CAD,2022,452,50,250000,196979
US,Small,US,Full Time,Intermediate Level,Machine Learning Engineer,USD,2022,453,100,120000,120000
US,Medium,US,Full Time,Entry Level,Computer Vision Engineer,USD,2022,454,0,125000,125000
US,Large,US,Full Time,Intermediate Level,NLP Engineer,CNY,2022,455,50,240000,37236
US,Medium,US,Full Time,Senior Level,Data Engineer,USD,2022,456,100,105000,105000
DE,Medium,DE,Full Time,Senior Level,Lead Machine Learning Engineer,EUR,2022,457,0,80000,87932
IN,Medium,IN,Full Time,Intermediate Level,Business Data Analyst,INR,2022,458,100,1400000,18442
IN,Large,IN,Full Time,Intermediate Level,Data Scientist,INR,2022,459,100,2400000,31615
PT,Large,PT,Full Time,Intermediate Level,Machine Learning Infrastructure Engineer,EUR,2022,460,50,53000,58255
US,Large,US,Full Time,Entry Level,Financial Data Analyst,USD,2022,461,50,100000,100000
DE,Large,DE,Part Time,Intermediate Level,Data Engineer,EUR,2022,462,50,50000,54957
IN,Medium,IN,Full Time,Entry Level,Data Scientist,INR,2022,463,100,1400000,18442
DE,Medium,DE,Full Time,Senior Level,Principal Data Scientist,EUR,2022,464,100,148000,162674
US,Medium,US,Full Time,Entry Level,Data Engineer,USD,2022,465,100,120000,120000
US,Large,US,Full Time,Senior Level,Research Scientist,USD,2022,466,50,144000,144000
US,Medium,US,Full Time,Senior Level,Data Scientist,USD,2022,467,100,104890,104890
US,Medium,US,Full Time,Senior Level,Data Engineer,USD,2022,468,100,100000,100000
US,Medium,US,Full Time,Senior Level,Data Scientist,USD,2022,469,100,140000,140000
US,Medium,US,Full Time,Intermediate Level,Data Analyst,USD,2022,470,100,135000,135000
US,Medium,US,Full Time,Intermediate Level,Data Analyst,USD,2022,471,100,50000,50000
US,Medium,US,Full Time,Senior Level,Data Scientist,USD,2022,472,100,220000,220000
US,Medium,US,Full Time,Senior Level,Data Scientist,USD,2022,473,100,140000,140000
GB,Medium,GB,Full Time,Intermediate Level,Data Scientist,GBP,2022,474,0,140000,183228
GB,Medium,GB,Full Time,Intermediate Level,Data Scientist,GBP,2022,475,0,70000,91614
US,Medium,US,Full Time,Senior Level,Data Scientist,USD,2022,476,100,185100,185100
US,Medium,US,Full Time,Senior Level,Machine Learning Engineer,USD,2022,477,100,220000,220000
US,Medium,US,Full Time,Intermediate Level,Data Scientist,USD,2022,478,100,200000,200000
US,Medium,US,Full Time,Intermediate Level,Data Scientist,USD,2022,479,100,120000,120000
AE,Small,AE,Full Time,Senior Level,Machine Learning Engineer,USD,2022,480,100,120000,120000
AE,Small,AE,Full Time,Senior Level,Machine Learning Engineer,USD,2022,481,100,65000,65000
US,Medium,US,Full Time,Expert Level,Data Engineer,USD,2022,482,100,324000,324000
US,Medium,US,Full Time,Expert Level,Data Engineer,USD,2022,483,100,216000,216000
US,Medium,US,Full Time,Senior Level,Data Engineer,USD,2022,484,100,210000,210000
US,Medium,US,Full Time,Senior Level,Machine Learning Engineer,USD,2022,485,100,120000,120000
US,Medium,US,Full Time,Senior Level,Data Scientist,USD,2022,486,100,230000,230000
DZ,Medium,DZ,Part Time,Entry Level,Data Scientist,USD,2022,487,50,100000,100000
US,Medium,CA,Freelance,Intermediate Level,Data Scientist,USD,2022,488,100,100000,100000
CZ,Medium,TN,Contract,Entry Level,Applied Machine Learning Scientist,EUR,2022,489,100,29000,31875
US,Medium,MY,Full Time,Senior Level,Head of Data,USD,2022,490,100,200000,200000
CA,Small,CA,Full Time,Intermediate Level,Principal Data Analyst,USD,2022,491,100,75000,75000
PL,Large,PL,Full Time,Intermediate Level,Data Scientist,PLN,2022,492,100,150000,35590
CA,Medium,CA,Full Time,Senior Level,Machine Learning Developer,CAD,2022,493,100,100000,78791
US,Medium,BR,Full Time,Senior Level,Data Scientist,USD,2022,494,100,100000,100000
US,Medium,US,Full Time,Intermediate Level,Machine Learning Scientist,USD,2022,495,50,153000,153000
DE,Medium,PK,Full Time,Entry Level,Data Engineer,EUR,2022,496,100,52800,58035
US,Medium,US,Full Time,Senior Level,Data Scientist,USD,2022,497,100,165000,165000
FR,Large,FR,Full Time,Senior Level,Research Scientist,EUR,2022,498,50,85000,93427
CA,Large,CA,Full Time,Entry Level,Data Scientist,CAD,2022,499,100,66500,52396
NL,Large,NL,Full Time,Senior Level,Machine Learning Engineer,EUR,2022,500,100,57000,62651
EE,Small,EE,Full Time,Intermediate Level,Head of Data,EUR,2022,501,100,30000,32974
MY,Large,JP,Full Time,Entry Level,Data Scientist,USD,2022,502,100,40000,40000
AU,Large,AU,Full Time,Intermediate Level,Machine Learning Engineer,AUD,2022,503,100,121000,87425
US,Medium,US,Full Time,Senior Level,Data Engineer,USD,2022,504,100,115000,115000
AU,Medium,AU,Full Time,Entry Level,Data Scientist,AUD,2022,505,50,120000,86703
US,Large,BO,Full Time,Intermediate Level,Applied Machine Learning Scientist,USD,2022,506,100,75000,75000
AT,Large,AT,Full Time,Intermediate Level,Research Scientist,EUR,2022,507,0,59000,64849
US,Large,US,Full Time,Entry Level,Research Scientist,USD,2022,508,100,120000,120000
US,Large,US,Full Time,Intermediate Level,Applied Data Scientist,USD,2022,509,100,157000,157000
AU,Small,AU,Full Time,Entry Level,Computer Vision Software Engineer,USD,2022,510,100,150000,150000
CA,Large,CA,Full Time,Intermediate Level,Business Data Analyst,CAD,2022,511,50,90000,70912
US,Small,US,Full Time,Entry Level,Data Engineer,USD,2022,512,100,65000,65000
IE,Small,IE,Full Time,Senior Level,Machine Learning Engineer,EUR,2022,513,100,65000,71444
PK,Medium,PK,Full Time,Entry Level,Data Analytics Engineer,USD,2022,514,0,20000,20000
US,Small,RU,Full Time,Intermediate Level,Data Scientist,USD,2022,515,100,48000,48000
US,Medium,US,Full Time,Senior Level,Data Science Manager,USD,2022,516,100,152500,152500
FR,Medium,FR,Full Time,Intermediate Level,Data Engineer,EUR,2022,517,100,62000,68147
CH,Large,CH,Full Time,Intermediate Level,Data Scientist,CHF,2022,518,0,115000,122346
US,Large,US,Full Time,Senior Level,Applied Data Scientist,USD,2022,519,100,380000,380000
CA,Medium,CA,Full Time,Intermediate Level,Data Scientist,CAD,2022,520,100,88000,69336
LU,Medium,PT,Full Time,Entry Level,Computer Vision Engineer,USD,2022,521,100,10000,10000
GR,Small,GR,Full Time,Intermediate Level,Data Analyst,USD,2022,522,100,20000,20000
US,Large,US,Full Time,Senior Level,Data Analytics Lead,USD,2022,523,100,405000,405000
US,Large,US,Full Time,Intermediate Level,Data Scientist,USD,2022,524,100,135000,135000
US,Large,US,Full Time,Senior Level,Applied Data Scientist,USD,2022,525,100,177000,177000
US,Medium,US,Full Time,Intermediate Level,Data Scientist,USD,2022,526,100,78000,78000
US,Medium,US,Full Time,Senior Level,Data Analyst,USD,2022,527,100,135000,135000
US,Medium,US,Full Time,Senior Level,Data Analyst,USD,2022,528,100,100000,100000
US,Medium,US,Full Time,Senior Level,Data Analyst,USD,2022,529,100,90320,90320
CA,Medium,CA,Full Time,Intermediate Level,Data Analyst,USD,2022,530,0,85000,85000
CA,Medium,CA,Full Time,Intermediate Level,Data Analyst,USD,2022,531,0,75000,75000
US,Medium,US,Full Time,Senior Level,Machine Learning Engineer,USD,2022,532,100,214000,214000
US,Medium,US,Full Time,Senior Level,Machine Learning Engineer,USD,2022,533,100,192600,192600
US,Medium,US,Full Time,Senior Level,Data Architect,USD,2022,534,100,266400,266400
US,Medium,US,Full Time,Senior Level,Data Architect,USD,2022,535,100,213120,213120
US,Medium,US,Full Time,Senior Level,Data Analyst,USD,2022,536,100,112900,112900
US,Medium,US,Full Time,Senior Level,Data Engineer,USD,2022,537,100,155000,155000
US,Medium,US,Full Time,Intermediate Level,Data Scientist,USD,2022,538,0,141300,141300
US,Medium,US,Full Time,Intermediate Level,Data Scientist,USD,2022,539,0,102100,102100
US,Medium,US,Full Time,Senior Level,Data Analyst,USD,2022,540,100,115934,115934
US,Medium,US,Full Time,Senior Level,Data Analyst,USD,2022,541,100,81666,81666
US,Medium,US,Full Time,Intermediate Level,Data Engineer,USD,2022,542,0,206699,206699
US,Medium,US,Full Time,Intermediate Level,Data Engineer,USD,2022,543,0,99100,99100
US,Medium,US,Full Time,Senior Level,Data Engineer,USD,2022,544,100,130000,130000
US,Medium,US,Full Time,Senior Level,Data Engineer,USD,2022,545,100,115000,115000
US,Medium,US,Full Time,Senior Level,Data Engineer,USD,2022,546,100,110500,110500
US,Medium,US,Full Time,Senior Level,Data Engineer,USD,2022,547,100,130000,130000
US,Medium,US,Full Time,Senior Level,Data Analyst,USD,2022,548,100,99050,99050
US,Medium,US,Full Time,Senior Level,Data Engineer,USD,2022,549,100,160000,160000
US,Large,US,Full Time,Senior Level,Data Scientist,USD,2022,550,0,205300,205300
US,Large,US,Full Time,Senior Level,Data Scientist,USD,2022,551,0,140400,140400
US,Medium,US,Full Time,Senior Level,Data Scientist,USD,2022,552,100,176000,176000
US,Medium,US,Full Time,Senior Level,Data Scientist,USD,2022,553,100,144000,144000
US,Medium,US,Full Time,Senior Level,Data Engineer,USD,2022,554,100,200100,200100
US,Medium,US,Full Time,Senior Level,Data Engineer,USD,2022,555,100,160000,160000
US,Medium,US,Full Time,Senior Level,Data Engineer,USD,2022,556,100,145000,145000
US,Medium,US,Full Time,Senior Level,Data Engineer,USD,2022,557,0,70500,70500
US,Medium,US,Full Time,Senior Level,Data Scientist,USD,2022,558,0,205300,205300
US,Medium,US,Full Time,Senior Level,Data Scientist,USD,2022,559,0,140400,140400
US,Medium,US,Full Time,Senior Level,Analytics Engineer,USD,2022,560,0,205300,205300
US,Medium,US,Full Time,Senior Level,Analytics Engineer,USD,2022,561,0,184700,184700
US,Medium,US,Full Time,Senior Level,Data Engineer,USD,2022,562,100,175100,175100
US,Medium,US,Full Time,Senior Level,Data Engineer,USD,2022,563,100,140250,140250
US,Medium,US,Full Time,Senior Level,Data Analyst,USD,2022,564,100,116150,116150
US,Medium,US,Full Time,Senior Level,Data Engineer,USD,2022,565,0,54000,54000
US,Medium,US,Full Time,Senior Level,Data Analyst,USD,2022,566,100,170000,170000
GB,Medium,GB,Full Time,Intermediate Level,Data Analyst,GBP,2022,567,0,50000,65438
US,Medium,US,Full Time,Senior Level,Data Analyst,USD,2022,568,100,80000,80000
US,Medium,US,Full Time,Senior Level,Data Scientist,USD,2022,569,100,140000,140000
US,Medium,US,Full Time,Senior Level,Data Scientist,USD,2022,570,100,210000,210000
US,Medium,US,Full Time,Senior Level,Data Scientist,USD,2022,571,100,140000,140000
US,Medium,US,Full Time,Senior Level,Data Analyst,USD,2022,572,100,100000,100000
US,Medium,US,Full Time,Senior Level,Data Analyst,USD,2022,573,100,69000,69000
US,Medium,US,Full Time,Senior Level,Data Scientist,USD,2022,574,100,210000,210000
US,Medium,US,Full Time,Senior Level,Data Scientist,USD,2022,575,100,140000,140000
US,Medium,US,Full Time,Senior Level,Data Scientist,USD,2022,576,100,210000,210000
US,Medium,US,Full Time,Senior Level,Data Analyst,USD,2022,577,100,150075,150075
US,Medium,US,Full Time,Senior Level,Data Engineer,USD,2022,578,100,100000,100000
US,Medium,US,Full Time,Senior Level,Data Engineer,USD,2022,579,100,25000,25000
US,Medium,US,Full Time,Senior Level,Data Analyst,USD,2022,580,100,126500,126500
US,Medium,US,Full Time,Senior Level,Data Analyst,USD,2022,581,100,106260,106260
US,Medium,US,Full Time,Senior Level,Data Engineer,USD,2022,582,100,220110,220110
US,Medium,US,Full Time,Senior Level,Data Engineer,USD,2022,583,100,160080,160080
US,Medium,US,Full Time,Senior Level,Data Analyst,USD,2022,584,100,105000,105000
US,Medium,US,Full Time,Senior Level,Data Analyst,USD,2022,585,100,110925,110925
GB,Medium,GB,Full Time,Intermediate Level,Data Analyst,GBP,2022,586,0,35000,45807
US,Medium,US,Full Time,Senior Level,Data Scientist,USD,2022,587,100,140000,140000
US,Medium,US,Full Time,Senior Level,Data Analyst,USD,2022,588,0,99000,99000
US,Medium,US,Full Time,Senior Level,Data Analyst,USD,2022,589,100,60000,60000
US,Medium,US,Full Time,Senior Level,Data Architect,USD,2022,590,100,192564,192564
US,Medium,US,Full Time,Senior Level,Data Architect,USD,2022,591,100,144854,144854
US,Medium,US,Full Time,Senior Level,Data Scientist,USD,2022,592,100,230000,230000
US,Medium,US,Full Time,Senior Level,Data Scientist,USD,2022,593,100,150000,150000
US,Medium,US,Full Time,Senior Level,Data Analytics Manager,USD,2022,594,100,150260,150260
US,Medium,US,Full Time,Senior Level,Data Analytics Manager,USD,2022,595,100,109280,109280
US,Medium,US,Full Time,Senior Level,Data Scientist,USD,2022,596,100,210000,210000
US,Medium,US,Full Time,Senior Level,Data Analyst,USD,2022,597,100,170000,170000
US,Medium,US,Full Time,Intermediate Level,Data Scientist,USD,2022,598,100,160000,160000
US,Medium,US,Full Time,Intermediate Level,Data Scientist,USD,2022,599,100,130000,130000
CA,Medium,CA,Full Time,Entry Level,Data Analyst,USD,2022,600,0,67000,67000
CA,Medium,CA,Full Time,Entry Level,Data Analyst,USD,2022,601,0,52000,52000
US,Medium,US,Full Time,Senior Level,Data Engineer,USD,2022,602,100,154000,154000
US,Medium,US,Full Time,Senior Level,Data Engineer,USD,2022,603,100,126000,126000
US,Medium,US,Full Time,Senior Level,Data Analyst,USD,2022,604,0,129000,129000
US,Medium,US,Full Time,Senior Level,Data Analyst,USD,2022,605,100,150000,150000
US,Large,IN,Full Time,Intermediate Level,AI Scientist,USD,2022,606,100,200000,200000
